7.79452568022028,-5.570965832363619
-6.0044815312470545,7.094029914846517
7.253866103891614,-4.876319813327149
8.033651975381016,-5.341393254977704
8.059421365538151,-5.725259106509058
3.6991083130791416,-7.990492112022111
8.184319912305874,-6.0866241721131145
-4.49039859929999,6.721353711647476
8.924041299824573,-0.3827319906726397
7.714124147181513,-4.744263627333128
8.437811655674777,0.056493442810117644
9.350241714826101,-0.17763896161338033
1.9961925247409549,-8.096466226397228
-5.014463729711735,7.735301359889637
-5.851945473795621,7.484126226391755
7.7424229537324365,-5.791606078170998
9.484120952135644,0.40032766947761866
-5.524943603080338,5.912504780355836
2.955798632214016,-6.955187829098398
8.133964390931274,-4.5096467883933755
7.680109389416641,-5.564123345652483
-6.2038100741422255,7.173991455128492
-5.203522517480879,7.5092258534308005
-7.889348821375544,-0.8646394532138637
2.484605421550766,-7.821081891598414
7.619431614382699,-5.154760150355168
-5.948427718023204,7.344830418726356
7.920994991378641,-5.589491948680131
7.08111305680317,-5.762548722817163
-8.945798401614386,-2.140959331270016
-6.592474422112803,7.103735668709527
8.740469840120747,-0.13199446166512568
-9.26683093628811,-2.3440266955931963
9.411095026012353,0.1646878459505241
-5.195426225091653,6.693064135519841
-9.158835292738287,-1.8431312168242993
-8.756855016175578,-2.4282208039773456
-7.957211359274787,-2.001258011930351
8.897373884732652,-0.8227289122092488
2.919561678443748,-6.738356072311881
9.746535011395153,-0.017367272656282295
8.378695393843358,-5.721402798831714
-9.041849356442446,-1.2599542934422505
-9.151532707274535,-2.291404168983018
9.262223228695062,-0.4557749408377829
3.1813653935110313,-7.91501467266257
8.604154784559114,-0.5454967222345861
3.0545233774995793,-7.861189505187162
-8.990541575558145,-3.209043869444069
8.870368113125924,-0.7306296437322848
-9.06738639979587,-1.9118629193952479
-9.165480742012546,-2.312071736859663
3.5005080836450913,-8.168345777769067
3.275387759462952,-7.2401673679096605
-5.32111540561401,6.949863950110614
8.327406974516329,-6.423620387616507
6.452926550254707,-6.091052342543176
-9.247934272682707,-2.6580397291807416
3.4605013870664654,-7.671502117152097
8.744702230506006,0.02097937827213614
2.5236900911988496,-7.66962503640934
3.5868391728068785,-7.282074110920398
3.0654468537052186,-6.718728694185412
-9.686927021877763,-1.853211091989536
-5.645091749968463,7.289107631147744
3.1714132415343825,-8.011178669172907
9.505395449023066,-0.026236587351201823
-5.281607609019767,6.818600594645912
-8.795413968465125,-3.0966968763943292
8.068101466715815,-1.2161800029174943
2.909134636700565,-8.21741682988204
8.740977043050203,-0.22966977324563434
8.929113212272128,-0.7556508578512522
-5.4929184795870265,6.688381632851738
3.08578426881558,-7.05996101898375
-8.957234138374968,-3.5568241583166973
7.012168997685486,-5.0929870637520365
9.336956628907712,-0.03420673522961126
-10.208816680188125,-2.419393091760128
8.584978992513088,-0.9477262294836409
7.170523564079716,-6.739410341387261
3.638500324880815,-7.175595776127599
-8.736851409754095,-1.7767481195339057
-5.0890656920687345,6.404689506829674
-8.757614360251853,-2.1061657778236067
-8.978853153796877,-2.2264382420261106
7.5335449210497645,-5.526967617240041
9.498374084179204,-0.49742327211834136
-4.498464255120361,6.922472079345275
10.441260619807426,-0.8768465486544398
-10.319114800531294,-1.8205954638175783
6.514971965992036,-5.880565222013724
-9.582657785454922,-2.7754718436633645
9.97164470396377,-0.07885812456383562
7.62009470725128,-6.601011491951111
7.8896223671130175,-6.658190039440729
7.896060283278109,-5.410085135931132
3.6407279674878383,-7.8544156149968085
9.310635602096074,-0.43278423713857705
9.198985640310402,0.6314189340365258
-4.738433902844093,7.298652530574929
7.343275668840798,-6.522225673866509
9.788988766412656,-0.6139127726025225
-5.531305225595093,6.720772218796782
3.5270346237064376,-7.793001571831591
2.7544058600385943,-7.206159216730081
-6.453116252413673,7.31876600267697
-8.245933553132037,-2.2040109322844335
8.691343470566013,-0.5783296101380351
8.085536739368553,-5.935945994700723
2.743786641078015,-8.791942949992208
8.926534722365654,0.2635538876491339
9.02220243469018,-0.4967423812721762
-8.983069964643917,-1.624678381277993
2.5162103201618504,-8.070864012849544
-4.961529460204542,7.175869902437859
9.512966734634812,0.24857190411316477
-5.71516532188329,6.69459667093787
7.659201197469269,-6.053159898366915
4.054740104008793,-7.37099092533859
2.7668391447140666,-7.684482164923154
8.475168613787089,-0.9849606496255341
-4.9662703592794335,6.61067121540097
8.535806216051418,-1.13239306779316
-5.760468695033551,7.175827526131784
2.513925099835126,-8.372246742365848
8.585536303352875,-0.8032696686178393
7.764359492745365,-0.21203033134441032
3.74309305635269,-7.4376290028527725
2.787613421381178,-7.210249124810947
3.2832333159017786,-7.89908700111128
8.974266256372989,-0.33781567039960025
9.571466442551282,-0.24850611100162753
6.7629409372515426,-4.7041314069537155
8.962860068550517,-0.9286786381253062
-5.689268786433596,6.528237686591636
-5.5944529225084505,6.9295606734586785
8.410908572200238,-5.971553616617198
-5.247566545360733,6.371467143955898
8.671906021921927,-0.5488619407365283
2.707331904859564,-8.046357790403656
2.2847016301229583,-8.427740363288596
-4.941174204654351,7.164078002994533
1.7309954855102248,-8.28426701693901
-4.432140405059739,7.189461321218847
3.5746822779245346,-8.752613233401906
9.113413265970715,0.09578151953853303
7.012722246703842,-5.900611636472013
9.08792706722544,-0.9600657201678782
-4.788878480647142,7.090294206037613
7.856334833229042,-5.605044259873438
-9.548646441017306,-2.1816475509109385
-4.718868597305478,7.53120748995193
-8.97855499808021,-2.3211542617469596
8.86091043405366,-0.9461891632876427
-8.845857057188999,-1.2206714290231635
-5.287374272263468,6.996093986918527
7.625388638363019,-5.6292461624405075
2.0076290240788355,-8.418430834802987
3.002580714999309,-7.347014950032392
-4.76221132839866,7.773826975608799
7.025722620535898,-6.492217277355266
6.778111230041277,-5.26393705689961
-9.355828281603392,-2.658784901122897
-9.066200451807886,-1.8510374364314746
9.02267557474206,0.06423238031126688
2.5515731666821133,-7.374650425041732
8.950385485806768,-0.5222429185657986
-9.076384393764437,-2.176894857948057
3.138242543954096,-7.218165337629782
9.99120503020499,-0.15405376207120516
8.300180579568751,-0.11266619987941895
3.037151059829222,-7.658256391439956
-9.13538801551363,-2.1896475301888554
9.26659028879946,-0.3548069485586286
3.5283597236439572,-7.744090768195159
7.846620722588475,-5.421665793027053
7.280704667915716,-6.300912988899901
7.886378894476855,-5.2943360791464915
8.380236668798243,-5.186480734011028
3.2837952040453424,-8.483262517731472
7.616340119225995,-5.770698925809664
2.7835520128001634,-8.124797930822048
2.7715590973215396,-7.78471586042842
3.707689347495923,-8.193234801910565
2.6827744971435648,-7.692668965267803
7.68737496333791,-5.785407553854074
9.543444014329886,-0.2130915219742152
-9.799284068479386,-3.0101299267096944
-5.141931648509177,6.435632299507582
-9.300158085678571,-2.4272037734261906
-7.643205639696911,-2.0895223332905495
9.408501367192969,-0.6901064677093443
8.993252987569448,-0.2609396552669057
-4.998457523738219,5.452798442427161
-5.489343660828475,7.312920124107017
3.078362414519462,-8.457352882096453
-5.726492519764876,6.62733276046172
2.5233310804079023,-7.78888836063111
-4.959906556555609,7.0342217347655
8.7641550390439,0.04033778507804636
7.1154273037215745,-5.446277926545095
-9.487659476221598,-2.2189800857571513
2.733275969162687,-7.69821406353951
8.68984780215057,0.6356147419857117
6.509393361123919,-5.814724622320196
2.8741901769091047,-7.9754773365420455
-5.5932128704660755,6.735716744285328
8.048336464384676,-5.699085468910118
-9.10732542021413,-3.2509480572152265
-5.515130746247724,7.481855909640487
3.305256176792449,-7.487459666249428
7.3715705557113385,-5.65961858280154
8.79940836118724,-0.30732171435420635
-9.100978787817246,-2.9481318047279395
6.974421443815964,-6.0799544501223775
-8.945741043707159,-1.6472213227681949
-9.124341329081158,-2.193817118046548
7.620784253378612,-4.9070673569666585
-5.637716707455128,6.403052666553554
9.371216205123746,-0.4623278336486401
7.616346789741301,-6.40985251786878
-9.214994297572128,-1.6590457284608808
2.7475191406615447,-7.511743687129761
-6.0256751337077965,7.005391312898494
3.4401757964600646,-7.525176304328565
-5.926103674916982,7.852530849592563
8.091016250297365,-0.6389106878801009
-5.5365874991420885,7.145556432173931
-4.8726675397740316,6.421827696807682
4.062660638958652,-7.381607393266964
-5.588528769336342,6.946275185833062
7.397052927666111,-6.127305471790135
-10.010928791005545,-1.7077936564992222
2.980603039105869,-7.648264690494394
-4.739416154723613,6.420578594567862
-4.308878950487872,6.6893369815695936
2.6188522941839354,-6.944606384198295
9.853213019278177,-0.36115905213081034
2.138724456091976,-8.023449600791212
8.469757020672088,-4.355764153571128
-8.997711568572184,-1.9485603722165497
-5.986819442696002,6.8018636803152575
7.258607633575272,-5.37405359788007
2.43877993988339,-7.012783337471947
2.4671051832053523,-7.580657907736233
-5.842213749358805,5.995296519122722
-4.5964155992971305,6.915633479341727
-5.645805404788349,6.243633810447076
-9.466929695699005,-2.0727256156252607
-8.575471227771411,-1.999512531110041
9.226809469786497,-0.852294782809323
-8.681386490024781,-1.123070502979722
-8.800345982437001,-1.750612719829404
8.736164882778999,0.05943897190655428
7.5370325957761946,-5.518901077749103
-9.879998930959665,-2.096804708542942
2.576234375749865,-8.31851971415331
-5.803530049517191,7.005738062360426
8.505419994275448,0.016760440040227198
7.521720273926163,-6.713644008039257
4.421614637421515,-7.2988488805286185
9.54274480121477,0.387608766423976
6.781910916758513,-5.8826176628248
2.6407733715803197,-7.312852045811713
3.219544202354356,-7.678781290598054
7.633803444160557,-5.240080789725778
4.359171306161299,-7.163254475588573
-9.242440181505051,-1.6373128354833066
-5.336576686539255,5.57429102055638
7.993582414943003,-5.2942941061169195
-5.497618552453135,6.887858371076529
6.995248246008081,-6.046502055338126
3.0780971755525846,-7.267295504438242
8.10115213169701,-5.0062827965705
6.628157836922733,-6.003566372825881
-5.485656142772975,6.2656980925559
3.2174518021987466,-7.740864234498214
8.222321996109617,-0.009376923571074558
-10.168646331564942,-2.4276603584253738
7.866480243591379,-5.8174233601920005
8.591096031533226,-0.21392316235253084
2.743188208183517,-7.071576635909985
-9.617019937536842,-2.0309029054874745
2.477794571760968,-8.189268391419315
9.109260541697953,-0.017398250062005183
6.990086519364633,-5.155556534878538
-8.038011001053658,-1.6965092965325197
2.450304664934349,-7.3472871825169035
-9.855622605704005,-2.022685204449608
2.422010584907317,-8.132372381409592
7.840705524717049,-5.539887987417656
3.0715444555989144,-7.96291266171269
-9.123111770883579,-1.4414050388942528
-5.274810933487778,6.539395914532813
2.6102270007416344,-8.265239036731163
2.441882648018755,-8.03285410874105
-4.236551035342992,6.979717639244012
7.12542587970409,-5.741538840092312
-4.776038012307796,6.106177846798471
-8.68496458629241,-1.7268250078817031
-8.464182038916643,-3.237475687407123
8.940011485945865,-0.625249815344838
6.724228144403355,-5.726395223152042
-9.609588913503428,-2.0957103961460493
9.211275343250541,-0.4241932562685953
6.602505694613922,-5.628248012011827
-9.070210868439135,-2.0364577474119447
9.807508068051737,-1.1171825805664597
-5.798195358810359,6.624696471829032
7.114330992137013,-5.4514012563267835
-8.530802230103763,-2.318330125564938
-6.263618650949244,6.817576953462414
-9.593579792702146,-2.4822739919984653
-9.567045933489613,-2.2701778461819355
-5.090837186374593,6.73009229565839
-9.324006217952643,-2.88977552598534
-9.527766174599384,-2.2721449220401033
-8.262943381627226,-1.733331261136179
9.15085732604198,-0.18676818261802683
7.900465123446917,0.34585444938818377
9.445972254482296,-0.2021666722287143
3.7855312169511315,-8.040292110909459
-9.470842186250634,-2.0480004108670995
1.6188646217860667,-7.32197972059751
8.908158417352956,-0.2738942643442595
-9.444731737265256,-2.37969501355059
8.684247994748564,-1.0691548488596125
8.847375587720796,-0.920191208802364
-4.785160542262965,7.408544118198457
2.4737567923757737,-7.902841218191914
-5.786930118884759,5.639506906538422
8.630323211111156,-0.749165038707143
8.66812194351023,-0.9596638446231671
-9.361322622801676,-1.790724406830077
3.3030945711480713,-7.582123971275205
8.364265000234129,-0.04303863323039386
3.2640135743264347,-7.034661302836018
-8.606577714705208,-2.3963254808495376
-5.402092472486871,7.118326072532429
3.367678498497473,-7.844247439083994
-9.372442571482901,-2.0297626751103666
-4.423120184452479,6.549957320648382
-8.7239075830827,-2.530796674465986
7.905343691698699,-6.493428702283128
7.217410839032564,-6.138770571071238
3.3906276675265117,-7.82200044343894
7.842980478402128,0.29866044920990353
7.702061778502578,-4.809736772692257
-9.113624620716102,-2.426934025377508
8.931950542323165,0.3418226695285502
9.623694045159187,-0.5472759198917676
9.156832811321483,-0.8001857735172344
3.032462207541298,-7.990893998794392
7.72242419977644,-5.844215038112053
7.459095312179386,-5.957220953465415
-8.744435456364652,-2.242531810309594
-9.041381842975472,-1.8331011056422366
-9.434173092178941,-1.2105474981812705
8.379888080024891,-5.163891830301189
2.8879138203631665,-8.461505132442783
-5.601273122494218,6.769902691645084
-9.159298234126389,-3.009323476366846
3.1317776869251945,-8.780908393441795
6.9563541203744075,-7.340236398127537
7.434609271793186,-5.7906995271236825
7.454760569109817,-5.127806964862177
-5.10275143218872,7.052915233455084
8.327876738554515,-0.7579617877045104
7.354433215628332,-5.737274615162574
6.900368349011459,-5.470852344074364
7.659413644885766,-5.566465457711415
9.529331068833931,-0.1582458397952945
3.4816200479187724,-6.972704271634031
8.30964804999923,-6.376684167100188
7.526418612963854,-5.7413690013669365
-9.835477631172491,-2.2640527860260247
-8.883742414043695,-2.621634277968451
-8.749428784897175,-1.3720058759359461
-9.498225576653303,-2.0483913553035893
9.07998408350772,0.030399208955391943
9.056757100958679,0.34104466936259836
9.118960365846632,-0.9201459545982342
2.674615507638968,-7.7872501769946965
3.906475166526371,-7.544506258959446
-8.974251628714514,-2.270525073288605
3.519473653889671,-7.817992361913964
-5.445935256687994,7.255789840920478
-5.264340003856797,6.489485598379034
10.057975927440994,0.13811126167453347
-9.935540993776653,-1.6443393418726187
-5.243653546978049,6.63561880242804
-6.124825387929187,7.837130436718438
3.36147031518859,-8.215492446781349
9.84358421668239,-0.8099838721734887
3.2520607382333178,-7.3854574989497275
-8.831042283939556,-2.370242832531739
8.148070348648764,-6.289465296165057
8.739216493365063,-0.32795038323424874
3.8670103249161603,-7.829005253743082
-6.108990924459761,6.5703120372175094
-5.531246347403844,7.133708599580055
-8.523089561806575,-2.6372579116388852
2.951513500972446,-8.319030011018143
-5.120774761768155,5.784034296034643
7.794757228128655,-6.742533712678075
-5.973173331379471,6.7931066935035584
-5.273681078266606,8.113962183987915
9.151776248804515,-0.5741725487882424
8.517890833303456,-0.5823966766851691
8.02892085334329,-5.471848926207076
-4.854786604444347,5.9796689246252255
3.4484635793376732,-6.6952259443128295
-8.631717114217857,-1.865523727237338
-8.691581687655066,-2.356758385485558
7.743246461882536,-5.315207362548639
3.1538759262570766,-8.028854321428096
3.4528612197605995,-7.385882900453289
-5.48110193665269,6.320937358830413
2.8603564704835898,-7.865061411266495
2.912000450514086,-7.0654112915716825
3.2113744425650514,-7.97212396619177
9.954070058798107,-1.0124372570008386
8.305181630471818,-5.2886202130160145
-6.035835088616045,6.162476015554647
3.758505670830136,-9.074699974922769
8.348703810254511,-0.5237263922153925
7.766958236597485,-5.668909799153857
2.4427728542381013,-8.581992307796714
-5.53280543451194,6.562555167076689
6.842379048459223,-5.947392035822607
8.168248342378266,-5.571585659261108
-4.763547845088839,6.305808411139471
-10.136774793652734,-1.863767282653066
-5.738974712730785,6.144729215564518
8.567893029723342,-0.793699918667154
9.873598498162346,0.5912630739362404
8.00983379217,-0.7856255559372883
-9.237067941866382,-1.3830155845034522
-8.713583612844207,-1.5785215585933043
-9.308243460790774,-2.167050062080155
7.222290344552691,-4.755527311625219
3.8890933790564626,-7.880443465431559
-8.661080745926984,-2.1160283532289537
7.829189940223478,-5.5447112817108355
9.23245922168697,-0.31084601604679507
-5.168901050349931,6.5569534739806405
9.174112457110363,-0.6414967080617848
-5.351378377606229,7.401369139818087
3.120954958116431,-8.862886725852977
3.394625516988964,-8.120464124001932
-9.089307634316533,-1.5573803080548414
8.592974673839727,-0.4107163772082375
-8.670340219076866,-2.9896216530107997
8.795012482907,-0.9024617990063133
7.19451321548825,-5.213299239371466
-8.700152823624284,-3.5755780087534887
7.888353908515815,-5.4218349192941035
2.90437398268642,-7.749601986516773
7.337908935815476,-5.143347275242801
8.482234818494742,0.08106620999296604
-9.051689318691452,-1.4951097840416734
7.1016425594772645,-5.365303195018149
3.9531970104781085,-8.001935140318194
9.316548305944888,-0.3207923594919223
8.42262607402082,-0.5085891853115688
7.7487643756305555,-5.129343984626247
-9.952774920619488,-1.9518501593357525
8.892170766034543,-0.6473567779861289
2.3381791129688487,-7.58702154106749
-5.576631194025385,7.112462869404676
3.0249806371132575,-8.290752156096438
8.365230572225283,-0.30242592246896205
-9.856227089129142,-1.9598688061692584
2.9633923196465726,-7.475666111365261
-5.075222750835112,6.293761970914465
8.896522395166157,-0.44206195259503744
7.3974626488125015,-5.072631908491719
7.36825130644464,-4.929149255115104
9.259716502065283,-0.18544843701929165
3.0319196476460792,-8.495926668803943
6.983956810494526,-5.207623448586335
2.439990621364047,-7.292483317492441
-5.366328291854205,6.508319351861119
-9.269284073015207,-1.224757682591882
-5.163888285324513,7.250919691601396
3.098021457696563,-6.841186903213435
-5.545817892140753,7.359066329195184
3.7341480511772254,-7.493924285154748
8.047780117850861,-5.938485354196947
-8.975720256429291,-1.666768652255809
-9.722294526295412,-2.105668205555712
2.6541275928959323,-8.547360295270492
-9.02212676082749,-2.487793641730879
7.653338081673696,-6.098617044059082
-10.189500834048872,-1.641566781127263
10.092510840890451,-1.7052945326977549
9.818099625733813,-0.6823855967150758
9.21081453785261,-0.21801347366238535
7.77849707050761,-6.052286645265373
7.134572028123238,-6.033874072870117
7.35977072843412,-6.3462934759205245
8.227273257822672,-0.9485340098528678
-8.703794500693034,-2.682626178193262
-4.924446591001066,7.536779279434201
-9.483605962627939,-2.0970306213077126
9.173916882789053,-0.2647504888358996
3.065131424288343,-7.846136974771966
7.471855258966449,-5.338987764866422
-4.116711836499083,6.879320267759083
-9.975167565216008,-1.6496700179375148
3.7140383993193,-7.407042968126117
7.277110138108432,-6.194050757675156
3.407748148939836,-8.286181912394472
-4.661672729404241,6.514678276559066
3.4167824366928436,-7.539171757230765
7.370415277562371,-5.856485028215638
-10.100977867492384,-1.2593806433583286
3.0900826446064555,-7.245829613466309
-9.022835269589564,-2.5489988364489737
8.23106851119433,0.09560328361572207
-8.930035390462837,-1.964674204389925
2.9358863358012934,-8.248964899067945
-5.578155765505774,6.696414141712944
3.2782228786678838,-8.1619774016323
7.047834039571226,-4.908823706853779
7.428243531492196,-5.105452686884291
-5.222013105371274,6.90360982888823
-9.26550152560798,-1.970667807948863
9.274124269320183,-0.25844510468792303
7.8011799833138,-6.342479754451532
6.879219851093821,-5.767883024706019
8.719498124879243,-1.047581994740923
-5.569562986968149,6.013122085788472
7.135512737730718,-5.468917427154365
-10.109772322449098,-1.7306743940281306
8.053775990339606,-6.328680805623235
-4.604593697532897,7.297128629810634
-8.546025739549668,-1.5570284069710105
9.277362609249378,0.14039994815055423
7.563105198595417,-6.080969351199407
7.9266189225143515,-5.797928839280123
-6.082413737641636,6.528947197098232
-9.081467204244333,-2.5227882987078267
-5.3940105520543975,6.5470091784093425
-5.6028754476459035,6.5796906297058
-5.141660108642093,6.879850954464596
7.818425903190056,-5.928239984972507
2.3230113036242703,-6.821414696611035
7.268875162715901,-5.801126954222651
-4.98120220633521,6.916311673803498
8.518553188817751,-0.13490462079498539
6.825263747559545,-6.487122430371672
-5.603284780710792,7.592663899517133
-5.48545419888533,6.62460926297751
9.101170928587278,-0.5161565047480635
-9.183400469266443,-1.230791343487077
3.4204762919043534,-7.258202636817558
9.225694778258948,-0.6373043522836954
9.680717812099317,-1.025336781854429
-4.835049610591279,6.837268680705795
7.385035784911326,-5.639587030601554
-5.772166466132844,7.003245451310739
7.833285384682843,-0.5619157847233738
7.240234227683665,-5.220985100816292
-9.260660526619136,-1.7847752329944395
-9.108271662341883,-1.7179956144561088
2.878862904671772,-7.950363974019733
9.088545610509,0.05673216414665633
-4.961034828508741,7.381441760239153
-5.692615439399041,7.377158675059036
-6.045205958120906,7.357198252314998
7.312211217674051,-5.582346931386723
-9.569973342233377,-1.9334681792436041
8.874106718860626,0.31504646458004626
3.5951151298891606,-8.668661390891351
4.046285194740695,-8.631136809191936
-8.717419678501605,-1.888088927019587
8.7804416997835,-0.7828804727453664
7.8978242358975,-6.064071650884811
7.204058935389285,-5.689786245310706
-5.7067550540243985,6.851939234677912
-8.494452592556737,-1.9103238468577863
2.090291085254064,-7.9391267348967185
-4.641427564573011,6.91100262261372
7.368084679113188,-6.587863666153725
-9.89182296572708,-1.0983576015543979
-8.704537039061906,-1.6666177440939915
-5.4861582246837,7.533856357599404
-6.0810386032927966,6.998528843485109
-5.55911243474674,6.513369002820797
9.537102287603314,-1.2367937797845505
-8.603397622359568,-2.2553259068181206
3.265642166993487,-7.125715954007004
-5.04651958299082,7.238011049906436
7.934239008275457,-4.595986161668847
-8.600088387876905,-2.2446977412618447
8.741956888490426,-0.373690337093473
-10.312596891065375,-2.515189042683221
9.552631601792374,0.33767954138618606
9.216321730493155,-1.1150951400088818
2.78531969247305,-7.853816450309727
-9.94286449797577,-2.2423467967082
3.405304598120683,-7.265113486449596
3.0693082292476093,-8.076964881546854
7.577779858151713,-5.944247821462562
8.965496267264392,-0.9817787116638751
-9.640864427637776,-1.433740144216466
8.034154826701789,-5.44298182529897
8.041162391659237,-5.872060167337976
3.1253533314361146,-8.477492557385801
7.598223476549913,-5.427868076251323
-6.223412600872267,6.7389807357156695
-5.174148815036254,6.820326880174535
8.874309563788646,0.14885771368355505
-5.308826267599109,6.7017992584524855
7.697088275103702,-6.101438655431537
6.905142930257067,-5.535371684665764
-9.277175347886963,-2.095372401477063
-4.465486363022637,6.574058240426903
-5.6773891016851055,6.327413519318909
2.6567659859304094,-7.262889702721042
-8.984601307754689,-1.8629520380162599
8.771686099136753,-1.2295674380168131
6.977947692187405,-6.053385411403138
-10.216848203509697,-1.4627212165176884
9.761407469479131,-0.2676000282158828
9.344652496092241,-0.838612715347852
9.534131814249747,0.48095337365387436
2.7171541999074917,-7.726645207093693
3.083355983687047,-7.870695723479965
-5.301151286812553,7.185067322599994
2.842942582892496,-7.524198128701956
-5.269051587609694,6.817403462462064
-9.39192741171359,-1.3460733556151392
-4.581176826723102,6.8986479063624895
9.511843184675838,-0.447256449253606
3.159367611774775,-8.595907664804171
-5.905802420810247,7.029210430611197
8.36637521682409,0.026710109242072178
-5.298766783356522,7.25613646851707
-5.366483415403296,6.746147137435084
7.9974276555215775,-6.7649512030755945
-9.619191660790204,-1.7818438730940434
-8.559155353281016,-2.1561838727759874
6.73296334788508,-5.915025781819585
-9.335026460991294,-3.131006839113041
9.127633536200552,-0.9385476208188976
-5.5574434005611835,6.996795313073612
-6.307201260806813,6.311959051368142
-5.647334828193662,6.71520168050646
8.58614554195734,-0.9647675329221336
-10.02870437342971,-2.050135183895879
-9.13075814379659,-2.3129227227076306
-5.978939615550663,6.801053453632381
-9.096376441914513,-2.2093068453523363
2.521002213848733,-8.849553006897125
3.652367555993466,-8.006834654194266
2.0803633893357727,-7.995066600404419
7.341444403136887,-5.507666486859411
-9.576013732088137,-2.9395654675703753
9.014030998436503,-0.8926008064888897
3.834899976355346,-7.434265464915828
-5.650039544323031,6.079909160934075
-6.037478743524084,7.0617306843706835
3.183202303687259,-7.496008898315217
8.802551841557722,0.7444786584416201
-5.622729181183488,6.922588343742412
-9.295494321027274,-3.07874204959643
-5.01416254742828,7.123263929316517
-4.834227674882249,6.548356490465672
3.6129097469316607,-7.1483175922559
-4.407318279979651,4.927266708547606
7.727431873589074,-5.442210606306011
8.789061985270687,-0.13379101026484944
-6.031740542578638,6.145153354725617
2.1974580198928044,-7.734426240713115
-6.324066001170385,7.334146382685446
2.876632034321891,-7.990209306306822
7.739781112461054,-0.4529555593214734
-5.800070749578961,5.988620543004675
8.578143690576164,-0.44777729250619724
9.039279350080148,0.19599226905146105
-8.624476859716985,-2.4470494210104268
-4.689278629328982,7.191681897760279
3.4542911823902784,-7.5060483975322665
-9.011245656183263,-2.1508203968417843
-8.815305527141707,-1.987832260761925
3.2278507143253723,-6.933280604832918
9.536972583269206,-0.4819413814559502
7.325823214858669,-5.553034902676054
2.491837322902665,-7.238807025934548
8.612445542791551,-1.0350814121581404
7.949511540940117,-6.019220100227496
7.034527627316287,-5.585661705299645
8.745134826195647,-0.5884840542084748
2.90357683916486,-7.327507850377676
7.026747560996416,-6.241979660091483
2.3663498757762125,-7.280006281368464
-9.621573817278293,-1.7445963829954891
7.424373080873529,-5.128361678449151
-5.179875470808563,5.913889298658537
-9.961009107832929,-1.7473936145244133
-5.764023158306591,6.470692460860953
2.7555070972389393,-7.823852611615946
6.767256619580358,-6.18294132080149
-5.45467741725277,6.219920577526722
8.253690248230297,-5.877222373624208
-9.420101234668092,-1.4218172338986625
3.006294213900191,-8.471062765332935
7.03275554489763,-5.832843919889225
9.590188963650034,-0.09201079622207797
-8.79192405844078,-1.994011006265246
-9.464014202818007,-2.289977580135141
3.1903510147470486,-6.864194414249747
-9.289526505127021,-1.9236340320534717
7.00725511232482,-5.8876659232224675
10.294172123009544,-0.44716132946305637
-8.774369816722528,-1.4556180505089644
-5.481208227051185,8.03208085600596
2.5718536229290305,-8.2673279071571
7.739974831014931,-4.929608747441297
9.884064374245492,-0.030630789206250453
9.090186165322779,-0.6473028226919111
-9.496646517184638,-2.1969764542009567
-8.831138688565769,-2.6404345507207223
3.012762357188707,-7.997063800400612
7.783231795708282,-0.5339606160320438
9.55117694758864,-0.6103316361408697
-9.354609888263502,-2.6513639265183118
-9.354196238871042,-2.2292537256947607
8.107577331063842,-5.7495938856083875
-8.882676907492344,-1.7663744377504091
2.4704400459941183,-6.268976549484254
8.109557292566748,-5.362352761394092
9.633006578663267,0.83452706527037
8.743245119085005,-0.22962488853464777
8.590081959612213,-5.723958203339895
-4.943560415125754,6.529155590265942
6.941745619285458,-5.743867904240856
8.03552126067533,-0.32303384171524974
-9.01054045314932,-1.0673312517530724
8.375079583297952,0.7335723764865478
6.831905607465446,-5.684210577956633
7.304907057115106,-5.809352082716725
-6.078923081927044,6.926594320079437
2.7537358725017835,-6.669431366025424
7.277202651703867,-5.851095272816651
-8.702978201922003,-2.8871574190993923
2.801584742359489,-8.558894603255462
-9.622067861109542,-3.2874189678154524
-9.661633860279585,-2.1218231686209386
-5.681553793963459,7.519137324090258
7.860671327619047,-6.030080650578952
-8.642703152183916,-2.109689374742881
-5.755022812053109,7.195132934475911
8.539433640998375,-5.631147628392493
9.224874170814237,-0.3183197821776994
-5.59902961680199,6.8281247869752715
9.023715416638531,-0.4831947030679259
-5.310002227229046,6.882688586385475
6.8556582401371,-5.952373632346014
2.559267377608461,-6.892303933938478
-9.339171220910444,-1.8110826234084183
-5.466259176384536,7.029588749180584
7.859233586784125,-5.502852743989011
-5.637569898779251,7.39143073811546
-4.575333111537601,6.905862251363179
-4.75819686259596,7.534138276044558
2.7799534860845596,-7.492187411619765
2.865850290004975,-7.498950186733634
-5.842834816512488,7.099025129863361
-9.136995835143777,-3.170994761739717
8.15242414094995,-5.501458809304592
9.267135235752471,-1.0641539524712553
8.182862064619753,-5.769219139771378
3.3939130153353574,-7.535821163720431
8.7385554799824,-0.6145993596325559
7.456362574008025,-6.269423516646944
2.3745075346240907,-7.806485281893952
2.5190239789243085,-7.369279178795974
-6.20692290490217,7.233909127949871
3.4026666384644235,-7.448120305332064
7.164036908557291,-5.5678188409503
7.760569636166837,-5.681082919507773
9.870844285626253,0.6176905915159843
-4.659403527032436,6.786661142948343
3.1618291872203996,-8.411546430678731
2.9265326348607337,-7.289352949675831
-6.2385293917782985,6.893955739258621
3.1745732649648204,-7.733154246814537
-9.851728116409955,-2.228882088262676
-8.583624498373542,-1.0303666795228963
2.4129629888022093,-7.361993102978349
-5.722376402633979,6.563934400457871
8.932006350974333,0.24347410018430016
3.570146033338174,-7.605728608194958
-4.646444101933863,6.587446798253458
3.160760262167435,-7.002649764368899
9.046219958069322,-0.05692257223786462
7.777314248624847,-6.484066860789942
3.5160518452064653,-8.193724856413061
7.349929317063531,-6.246059275888917
6.862874453302345,-5.670338185125983
-4.870063104324198,6.503872876547241
8.30405831870852,-0.10971911371763254
-6.700037893324982,6.451404524981666
8.962653788975429,-0.17811418320322697
7.833169428339706,-5.955573516865407
-9.380875489439594,-1.5637650667134109
9.989047597148314,0.2155462955150551
4.026489850674774,-8.114670393527893
8.23847411958692,-0.06644291945949066
-6.0436764630935125,6.520265262026875
9.595436892153598,-0.5087785467308775
-9.38072327793766,-1.2787905645125148
2.7405469449053483,-7.321309846065236
7.599628285018115,-6.534216718131709
6.663949696146984,-5.505621824775242
6.744422222060005,-6.517768623514982
-4.525599628515949,6.089718597938128
-4.563265661809575,7.657916966696725
7.807360154738098,-0.5495178730803676
8.831811175232394,-1.2497204293122528
8.798262932955502,0.29183060890442103
7.242266376721625,-5.354922195762218
2.861071330659041,-7.4340589852971695
-8.610261032928491,-2.6689559121550532
-10.005846991394849,-1.720751839306836
-4.894636702561762,7.126920965680339
-8.593585436732802,-1.7644794308358915
-4.97533976321054,6.171217154610477
-6.624999333153466,6.048796551804218
-8.78483787936939,-1.1478425994370904
7.589985137172143,-6.336242837242233
6.640503098629119,-6.370889973393677
8.824828624430664,-0.35824659515320034
8.916816440243203,-0.01252258161604286
2.8072603457217893,-7.680970758509659
-5.46414389331208,7.107771198886381
7.145696136005436,-6.0264424979178575
8.369303830331026,-0.04550625769610345
-9.458359158624551,-2.713272592187107
-4.906014447035379,6.8468658305970145
7.506984612427564,-6.679583358479624
7.880556081563135,0.20179085349559844
7.2360367377484245,-6.008406749978445
-5.64300348097978,7.150331066259387
-5.4351257678455625,7.261013194926213
8.947838590955515,-0.012022743952317283
2.8492648977414516,-8.465552182254227
-9.3283965383178,-2.330694186307788
-4.721384224720422,6.202097389236302
8.161364255711666,-0.3442930571658453
-8.62982530683589,-1.611421672160854
-8.946002850876951,-1.9524937450260191
6.71690914386961,-5.271963156370109
-9.360119974378303,-2.5828073298127454
-9.354682961625155,-2.6508789240782606
6.921079171728236,-5.982052432564357
9.224457077123123,-1.2940395653289625
8.78907336853243,0.4214657660144152
-5.915453236242882,6.636091742708566
-8.821746321145813,-2.2180523108931443
9.070122488954091,-0.36365268041844784
7.853675276423119,-5.58919622123921
-10.252715744276115,-1.622129992880636
-10.122444523324384,-1.9191390865496427
8.124670318663165,-5.9636023006061025
9.177390070724254,0.14428843044900774
9.601637317419682,-0.436283052267401
9.181902061784355,0.16111620068945343
8.849937117562792,0.024653198415477195
3.612912112982059,-7.611525979731801
2.2628005912338343,-7.266230728873008
9.496727240337888,0.050822445932679206
-5.382796652861752,6.692970451697539
-9.329529902105246,-1.5124330431452344
7.553177292267915,-6.168747541999796
3.1967895490379723,-7.560148235766369
7.727769715003772,-5.6553377028419245
-5.810822568123735,7.060891660143755
6.938599579978469,-5.371680311195371
-9.717038147489692,-2.754717991955776
7.451295777289131,-6.28083511952566
7.513980919252468,-5.805158782856989
-5.138396011829119,7.616430565497741
-4.637262419727423,7.543602645721964
-6.079635885848914,7.316192940241159
8.77820485660695,-0.9852507683160425
8.095740704137404,-5.763468927653753
-5.7448759662103,6.383164358904488
7.020873252324399,-5.9265320894126585
-8.250943873738452,-2.0671525649184117
9.507812546919391,-0.4965040175002909
-5.295933961597158,6.212248158236879
2.86523995063664,-8.16804049064473
-5.930211307415217,7.434577215135391
7.3810762217709325,-5.762535422484977
-4.021599463817198,6.690163411288009
8.61434017753569,-0.46951242126291964
3.29234067547281,-8.196068133752904
7.682634734676743,-5.690180293730928
-8.058541497391113,-2.438171739203725
-5.1012813382657045,6.05030477282609
2.908329371703995,-7.722759731515528
-9.357541149836928,-1.72200706108879
2.5031640439868994,-7.132672707488345
3.362909136239649,-7.935794972067499
-4.820398226545135,6.361599070057526
-5.1014450163197615,6.446879319438099
-9.093867945080293,-1.773012689546491
9.11678514291904,0.23637564797148347
-5.4022495959265155,6.456663515267174
3.4054323627861987,-8.102918942733105
9.642007533294523,-0.18548357355255796
8.638751125998136,-0.8206119660194076
-9.62436430826925,-2.061932314400984
9.174352960097094,0.46965445936487726
-9.244527345857005,-2.2678593950241845
-7.866780138610094,-1.655774827218804
-4.9524731606904036,7.074090112209448
2.8888554129865334,-7.331489697977623
2.6603212275726573,-6.899819453481558
9.362612011158678,-0.4644210611592613
2.79670477677804,-7.891434842954034
-8.784910534897634,-3.1660364707422075
7.0569734480789466,-5.397330434599575
2.8920720928376356,-7.957110253777709
-8.694274514279925,-1.650831640388622
-9.227258302338553,-1.3389903578083207
-5.681580778791281,7.515381961236857
-9.595633267621551,-1.3405009801477448
7.430249795856877,-6.629797548872779
-8.990339663095527,-1.8822295342368123
-9.930852973452438,-3.3487129695790196
7.137062467419726,-5.1757379275725235
7.769602667844752,-6.27681504299777
7.887842201654099,-5.637250912315458
7.958042865420227,-5.839866505065827
-9.998527305451503,-2.0359756849469925
2.99286792019973,-7.868521007781257
3.548085081685395,-7.863548851537148
-5.96375835857842,6.578560275253709
-3.687507409772415,6.405585717238243
-9.416067357055244,-1.6361092032712097
-4.465990376144969,7.435045065800066
7.8473646771210745,-5.8621853626815845
3.1967909686718863,-7.3742798726460705
-9.2443681011115,-1.7851101042224913
-9.594630939490493,-1.3383115976070883
7.638074707560816,-0.7197701102248082
9.3459645575216,-0.4904891568230702
-5.235321742646267,7.432640927994307
7.431109313590261,-6.303354769488641
9.287253558768167,0.36926429111696724
3.189650063981229,-8.173622539782682
7.741988828724072,-5.730361510286332
8.858900012993846,-0.49836886398278857
3.169449539739485,-9.111229493303282
-5.769276551129164,6.374711097086782
8.916693425055962,-0.010233791820915328
9.804522527654589,-0.5866161124036531
-10.392367394044959,-1.5120621410873754
7.4386762055519355,-5.659299360861748
6.578832596835213,-5.3919574851668814
7.517545614308602,-6.102060893967687
-8.149968373071975,-1.6150781932509415
3.3820982512514735,-7.839842559304988
2.7876556360333664,-7.721776737447388
-5.5508368729518445,6.720916008412863
9.434168657404733,0.22406524637776515
-5.127905333622679,6.437502130692204
-5.133539219387607,6.911604519582238
3.2953062287765755,-6.730651266359272
2.563781898529135,-6.676999264087387
4.211311718243759,-7.213785603580208
7.483560996912276,-6.109390077130369
-8.454327621854677,-1.2496931010706742
2.7797095980068813,-7.290736288807866
-5.639041346959328,7.120414750652485
8.025827743844953,-5.872448902689242
-8.987500365672025,-1.639605144743895
-4.901299630694186,6.878533431137307
2.3981336941690703,-7.851930115780478
3.315068460532467,-7.205160273862762
4.051920779848568,-7.0139069139295085
8.835670731329994,-0.4432019820874745
-8.97490149717574,-2.3880395423205574
-10.059376524711832,-1.4794201771452453
3.268813850942761,-7.218384241636744
7.506578092122607,-7.333669215524109
-9.062680710790838,-1.8138854082377298
-6.354169564154544,6.308610484907391
8.858937646171988,0.2648190999965302
7.845255008641097,-6.4894436135777935
-5.029663941386201,7.6983955486608195
-9.244730283345264,-1.6096569088768868
9.018567100937336,0.40202243427193873
9.724811386160674,-0.9179603186079481
